,,,,,,
,Start,End,Type,Speaker,Title,Abstract
,MONDAY (Conference),,,,,
,9:00 AM,9:15 AM,Welcome & introduction,Matthew Ho,Welcome & Introduction,
,9:15 AM,10:15 AM,Invited talk,Carolina Cuesta-Lazaro,TBA,
,10:15 AM,10:35 AM,KAAI Contributed talk,Xiaowen Zhang,"A Shared ""Language"" for Simulated Universes: Foundation Representations for Galaxy Catalogs",
,10:35 AM,11:05 AM,Coffee break,,,
,11:05 AM,12:05 PM,Invited talk,Jack O'Brien,SELDON: A Foundation Model for Transients,"Next generation transient discovery surveys require accurate real-time analysis of evolving transients for followup prioritization from other surveys.  SELDON (Supernova Explosions Learned by Deep ODE Networks) is a transient foundation model designed with this capability in mind, and more.  Our model not only provides classifications and forecasts for the future evolution of transient light-curves – providing estimates for optimal follow-up observing windows – but also approximates the underlying spectral energy distribution, redshift, and even some characteristics of the observing instrument itself.  The architecture itself offers a flexible approach to multi-modal astrophysical data analysis, with physically motivated decoding built upon both intrinsic physical properties of transient evolution as well as the physical engineering behind the observing instrument itself, and time-invariant latent representations of transients that can be adapted for downstream tasks."
,12:05 PM,12:20 PM,Contributed talk,Katie Breivik,AI-powered inference for binary evolution modeling,
,12:20 PM,1:50 PM,Lunch break,,,
,1:50 PM,2:50 PM,Invited talk,Anuj Karpatne,TBA,
,2:50 PM,3:05 PM,Contributed talk,Matthew Ho,Telescoping Superresolution for Cosmological Simulations,
,3:05 PM,3:20 PM,Contributed talk,Yixi Zhao,,
,3:20 PM,3:50 PM,Coffee break,,,
,3:50 PM,4:05 PM,Contributed talk,Saumya Goyal,Meta-learning methods for multiple prediction of cosmologies,
,4:05 PM,5:05 PM,Discussion,Foundation Models,,
,5:05 PM,7:05 PM,Conference dinner,,,
,,,,,,
,TUESDAY (Conference),,,,,
,9:00 AM,10:00 AM,Invited talk,Yadi Cao,A Foundation Model for Multi-Physics Fluid Dynamics via Vision In-Context Operator Networks,"Machine-learning surrogates for fluid dynamics are typically trained for a particular physical regime, discretization, and sampling protocol. VICON is a vision in-context operator network that learns across multiple fluid systems with a single set of weights. At inference time, a small number of example input-output pairs from a new system are provided as context, allowing VICON to implicitly identify the system dynamics and forecast its evolution without fine-tuning. The model uses patch-wise tokenization of two-dimensional fields and is trained jointly across incompressible Navier-Stokes and two compressible-flow regimes, including an effectively inviscid regime closely related to the Euler systems used in astrophysical hydrodynamics. This in-context formulation also accommodates varying timestep strides and missing frames without retraining or interpolation, with substantially less accuracy degradation than fixed-timestep baselines.

I will close with recent work extending this direction from learned simulation models to scientific agents: Foam-Agent, which automates OpenFOAM workflows from natural-language specifications, and SimulCost, which studies the computational cost of agents tuning simulation parameters."
,10:00 AM,10:20 AM,KAAI Contributed talk,Anshul Kumar,Probing physical symmetries and properties in embedding spaces of astronomical foundation models,
,10:20 AM,10:35 AM,Contributed talk,Zhenyu Bi and Yi Fang,TBA,
,10:35 AM,11:05 AM,Coffee break,,,
,11:05 AM,11:20 AM,Contributed talk,Fatemeh Hafezianzadeh,TBA,
,11:20 AM,12:20 PM,Invited talk,Francisco Villaescusa-Navarro,The Denario project: Deep Knowledge AI Agents for Scientific Discovery,"Science advances by formulating and testing hypotheses, collecting and analyzing data, and drawing conclusions—yet much of a scientist’s time is spent in tasks such as coding analyses, writing and revising text, reviewing the literature, and learning new concepts. Can recent advances in AI help reclaim some of that time? In this seminar, I will show how large language models and AI agents may help scientists with these tasks. I will first describe what AI agents are and discuss their applications in science. Next, I will present Denario, a complex, publicly available, multi-AI-agent system designed to function as a research assistant. Developed and evaluated by a diverse team of scientists, mathematicians, and philosophers, Denario is an interdisciplinary tool capable of generating ideas, searching the literature, developing research plans, writing and executing code, crafting plots, and drafting and reviewing scientific papers.
I will then show how a swarm of Denario agents can operate in parallel: developing scientific ideas, formulating hypotheses, designing research plans, writing and running code, analyzing results, generating plots, drafting papers, and producing referee-style evaluations that guide subsequent iterations. This swarm-based workflow allows many research directions to be explored simultaneously, with each agent refining its own line of inquiry while contributing to a broader, structured map of ideas, results, and evaluations.

I will also present and discuss some of the papers already generated by Denario in disciplines such as astrophysics, biology, biophysics, biomedical informatics, chemistry, machine learning, material science, mathematical physics, medicine, neuroscience, planetary physics, and quantum physics. I will close by discussing how tools like Denario may help researchers accelerate scientific research and invite the audience to a broad discussion on the benefits and risks of this technology."
,12:20 PM,12:35 PM,Contributed talk,Chaipat Tirapongprasert,Agentic Systems for Calibrating Cosmological Simulations,
,12:35 PM,2:05 PM,Lunch break,,,
,2:05 PM,3:05 PM,Invited talk,Francois Lanusse,Infrastructure for Science that Compounds in the Age of AI Agents,"AI agents that autonomously conduct research risk breaking a delicate balance in science. The scientific paper is a lossy format: methodological choices and assumptions compressed into a few pages, with peer review and community scrutiny providing the warrant that results are sound. This trade-off worked because the rate of new work stayed roughly matched to the community's capacity to scrutinize it. Agents now threaten that balance, accelerating production far faster than scrutiny can keep up and deepening an already well-documented trust and reproducibility crisis. But the same technology is also an opportunity: agents can document exactly how results are produced at a level of detail that was previously too onerous to maintain by hand, if we build the infrastructure to capture it.
Closing that gap is what we're building toward at Lightcone Research, a new initiative between UC Berkeley and the French National Centre for Scientific Research (CNRS). We are building a new standard ensuring that conforming analyses are not only reproducible by default, but also inspectable, verifiable, and extendable — every result traceable to the assumptions that produced it, decisions substitutable without rewriting entire pipelines, and analyses able to cite and build upon one another. Done right, this is what allows AI-powered science to remain trustworthy and continue to compound. Because infrastructure of this kind has to be built with and for the community that relies on it, our project is open-source, collaborative, and designed for shared stewardship from the start.
In this talk, I will survey the current state of agentic AI in science and the pitfalls it is exposing, introduce the Lightcone Research project and its agentic research stack, as well as share lessons from working with UC Berkeley early testers and reproducing flagship cosmology results."
,3:05 PM,3:35 PM,Coffee break,,,
,3:35 PM,3:50 PM,Contributed talk,Sean Lewis,AG-GeN: Diffusion Modeling Artificial Astronomy Image Data,"Galaxy mergers are important processes in the universe, thought to trigger active galactic nuclei (AGN), enhance star formation, fuel the growth of supermassive black holes (SMBH), and contribute to the gravitational wave background. We previously developed the DRAGON tool (Data Reduced AGN and Galaxy Optical Network), a convolutional neural network (CNN) for identifying these mergers at various stages, helping us to understand their rate. However, the model’s ability to identify mergers was hampered by the dearth of available training data. Galaxy mergers require computationally intensive simulations to model, and may in any case not be sufficiently similar to real telescope data. To address this, we developed AG-GeN (Astronomical Graphical Generative Network), a diffusion model for generating realistic telescope images of galaxy mergers. AG-GeN is a LoRA (Low-Rank Adaptation) model built on Stable Diffusion 1.5, a general-purpose image generator already capable of producing galaxy-like images. LoRAs are lightweight models that fine-tune features within larger models like Stable Diffusion. We trained two AG-GeN models on data from the Hyper-Suprime-Cam instrument on the Subaru telescope and the Euclid telescope, respectively, enabling Stable Diffusion to generate realistic merger data. We then tested DRAGON version 1.0’s ability to identify the synthetic images produced by AG-GeN as mergers and found that with optimal prompting, it is able to identify $\sim72$\% of our artificial mergers correctly. We also show data from AG-GeN can be used to improve the training process of search algorithms like DRAGON by expanding small datasets. The method AG-GeN establishes could prove to be a new and viable way to generate artificial data for rare objects, whether they’re merging galaxies or cell types."
,3:50 PM,4:05 PM,Contributed talk,Sayed Shafaat Mahmud,Degeneracy-Aware Pulsar Parameter Estimation from Light Curves using Flow-Based Techniques,
,4:05 PM,5:05 PM,Discussion,Agentic Workflows,,
,,,,,,
,WEDNESDAY (Hackathon),,,,,
,9:00 AM,10:00 AM,,"Welcome, Track Description, Team Formation",,
,10:00 AM,10:30 AM,Coffee break,,,
,12:30 PM,2:00 PM,Lunch break,,,
,3:00 PM,3:30 PM,Coffee break,,,
,4:30 PM,5:00 PM,,Wrap Up,,
,,,,,,
,Thursday (Hackathon),,,,,
,9:00 AM,10:00 AM,,Tag Up,,
,10:30 AM,11:00 AM,Coffee break,,,
,12:30 PM,2:00 PM,Lunch break,,,
,3:00 PM,5:00 PM,,"Final Presentations, Scoring, and Prize Awarding",,
,,,,,,
,,,,,,
,,,Type,Duration (mins),,
,,,Welcome & introduction,15,,
,,,Invited talk,60,,
,,,Coffee break,30,,
,,,Contributed talk,15,,
,,,KAAI contributed talk,20,,
,,,Lunch break,90,,
,,,Discussion,60,,
,,,Conference dinner,120,,